"temp_escalada","coto","garrapatas"
-0.626453810742332,"P",3
0.183643324222082,"K",0
-0.835628612410047,"L",0
1.59528080213779,"U",0
0.329507771815361,"I",6
-0.820468384118015,"G",0
0.487429052428485,"O",4
0.738324705129217,"D",1
0.575781351653492,"G",0
-0.305388387156356,"B",0
1.51178116845085,"Q",1
0.389843236411431,"W",0
-0.621240580541804,"I",7
-2.2146998871775,"W",1
1.12493091814311,"R",0
-0.0449336090152309,"U",1
-0.0161902630989461,"X",0
0.943836210685299,"Z",0
0.821221195098089,"J",0
0.593901321217509,"L",0
0.918977371608218,"B",2
0.782136300731067,"Q",0
0.0745649833651906,"I",7
-1.98935169586337,"B",0
0.61982574789471,"A",0
-0.0561287395290008,"Y",14
-0.155795506705329,"K",0
-1.47075238389927,"V",0
-0.47815005510862,"N",5
0.417941560199702,"M",0
1.35867955152904,"U",0
-0.102787727342996,"I",6
0.387671611559369,"S",2
-0.0538050405829051,"C",0
-1.37705955682861,"Z",2
-0.41499456329968,"G",5
-0.394289953710349,"C",1
-0.0593133967111857,"H",1
1.10002537198388,"M",0
0.763175748457544,"X",1
-0.164523596253587,"J",1
-0.253361680136508,"M",0
0.696963375404737,"U",1
0.556663198673657,"O",5
-0.68875569454952,"T",0
-0.70749515696212,"Y",12
0.36458196213683,"V",0
0.768532924515416,"T",1
-0.112346212150228,"S",3
0.881107726454215,"B",0
0.398105880367068,"R",0
-0.612026393250771,"K",0
0.341119691424425,"T",2
-1.12936309608079,"U",1
1.43302370170104,"W",0
1.98039989850586,"H",1
-0.367221476466509,"T",2
-1.04413462631653,"J",3
0.569719627442413,"I",10
-0.135054603880824,"G",0
2.40161776050478,"N",5
-0.0392400027331692,"C",0
0.689739362450777,"D",1
0.0280021587806661,"G",0
-0.743273208882405,"Y",7
0.188792299514343,"J",0
-1.80495862889104,"X",0
1.46555486156289,"R",1
0.153253338211898,"B",0
2.17261167036215,"K",2
0.475509528899663,"G",1
-0.709946430921815,"U",0
0.610726353489055,"Y",10
-0.934097631644252,"H",3
-1.2536334002391,"R",1
0.291446235517463,"Q",0
-0.443291873218433,"G",3
0.00110535163162413,"H",0
0.0743413241516641,"F",6
-0.589520946188072,"U",1
-0.568668732818502,"H",0
-0.135178615123832,"Z",1
1.1780869965732,"I",4
-1.52356680042976,"H",2
0.593946187628422,"W",0
0.332950371213518,"U",0
1.06309983727636,"X",1
-0.304183923634301,"D",3
0.370018809916288,"T",2
0.267098790772231,"O",3
-0.54252003099165,"D",0
1.20786780598317,"C",0
1.16040261569495,"J",1
0.700213649514998,"U",2
1.58683345454085,"K",0
0.558486425565304,"U",0
-1.27659220845804,"I",13
-0.573265414236886,"B",0
-1.22461261489836,"E",9
-0.473400636439312,"F",2
-0.620366677224124,"G",0
0.0421158731442352,"C",1
-0.910921648552446,"P",2
0.158028772404075,"E",10
-0.654584643918818,"D",0
1.76728726937265,"R",0
0.716707476017206,"O",2
0.910174229495227,"O",2
0.384185357826345,"K",0
1.68217608051942,"L",1
-0.635736453948977,"O",5
-0.461644730360566,"A",0
1.43228223854166,"B",0
-0.650696353310367,"W",0
-0.207380743601965,"M",3
-0.392807929441984,"M",1
-0.319992868548507,"C",1
-0.279113302976559,"H",1
0.494188331267827,"F",1
-0.177330482269606,"Z",0
-0.505957462114257,"B",0
1.34303882517041,"F",5
-0.214579408546869,"G",1
-0.179556530043387,"S",1
-0.100190741213562,"C",0
0.712666307051405,"J",0
-0.0735644041263263,"A",1
-0.0376341714670479,"R",2
-0.681660478755657,"Q",0
-0.324270272246319,"A",2
0.0601604404345152,"Q",0
-0.588894486259664,"M",0
0.531496192632572,"X",2
-1.51839408178679,"O",1
0.306557860789766,"R",0
-1.53644982353759,"O",3
-0.300976126836611,"I",7
-0.528279904445006,"Y",15
-0.652094780680999,"P",3
-0.0568967778473925,"K",1
-1.91435942568001,"O",3
1.17658331201856,"M",0
-1.664972436212,"F",4
-0.463530401472386,"K",0
-1.11592010504285,"Q",1
-0.750819001193448,"L",0
2.08716654562835,"G",2
0.0173956196932517,"S",2
-1.28630053043433,"G",2
-1.64060553441858,"D",2
0.450187101272656,"E",7
-0.018559832714638,"O",4
-0.318068374543844,"R",0
-0.929362147453702,"W",1
-1.48746031014148,"F",3
-1.07519229661568,"G",1
1.00002880371391,"Y",16
-0.621266694796823,"Y",9
-1.38442684738449,"M",0
1.86929062242358,"P",2
0.425100377372448,"W",0
-0.238647100913033,"Z",1
1.05848304870902,"K",0
0.886422651374936,"F",3
-0.619243048231147,"N",3
2.20610246454047,"Y",18
-0.255027030141015,"F",3
-1.42449465021281,"R",1
-0.144399601954219,"W",1
0.207538339232345,"F",3
2.30797839905936,"R",0
0.105802367893711,"P",3
0.456998805423414,"Z",0
-0.077152935356531,"T",1
-0.334000842366544,"V",0
-0.0347260283112762,"U",0
0.787639605630162,"M",0
2.07524500865228,"C",0
1.02739243876377,"B",2
1.2079083983867,"D",1
-1.23132342155804,"B",1
0.983895570053379,"X",0
0.219924803660651,"Z",1
-1.46725002909224,"Y",16
0.521022742648139,"U",0
-0.158754604716016,"G",2
1.4645873119698,"I",12
-0.766081999604665,"Q",0
-0.430211753928547,"S",3
-0.926109497377437,"Y",11
-0.17710396143654,"D",3
0.402011779486338,"Q",0
-0.731748173119606,"E",8
0.830373167981674,"I",12
-1.20808278630446,"R",0
-1.04798441280774,"G",1
1.44115770684428,"S",0
-1.01584746530465,"T",1
0.411974712317515,"M",0
-0.38107605110892,"I",10
0.409401839650934,"M",0
1.68887328620405,"Q",0
1.58658843344197,"U",0
-0.330907800682766,"T",0
-2.28523553529247,"D",1
2.49766158983416,"P",2
0.667066166765493,"P",1
0.5413273359637,"V",2
-0.0133995231459087,"T",1
0.510108422952926,"C",0
-0.164375831769667,"Y",10
0.420694643254513,"M",0
-0.400246743977644,"Q",0
-1.37020787754746,"E",9
0.987838267454879,"Y",8
1.51974502549955,"N",5
-0.308740569225614,"S",2
-1.25328975560769,"Z",2
0.642241305677824,"L",1
-0.0447091368939791,"Q",0
-1.73321840682484,"L",1
0.00213185968026965,"D",1
-0.630300333928146,"S",2
-0.340968579860405,"B",0
-1.15657236263585,"Q",0
1.80314190791747,"H",0
-0.331132036391221,"Y",13
-1.60551341225308,"B",1
0.197193438739481,"K",0
0.263175646405474,"P",1
-0.985826700409291,"S",4
-2.88892067167955,"F",2
-0.640481702565115,"H",1
0.570507635920485,"U",0
-0.05972327604261,"R",0
-0.0981787440052344,"Z",3
0.560820728620116,"L",0
-1.18645863857947,"I",5
1.09677704427424,"Q",0
-0.00534402827816569,"P",1
0.707310667398079,"J",1
1.03410773473746,"L",0
0.223480414915304,"D",0
-0.878707612866019,"A",0
1.16296455596733,"Z",0
-2.00016494478548,"V",0
-0.544790740001725,"N",9
-0.255670709156989,"J",0
-0.166121036765006,"X",3
1.02046390878411,"P",2
0.136221893102778,"Q",0
0.407167603423836,"Z",3
-0.0696548130129049,"C",0
-0.247664341619331,"H",2
0.69555080661964,"W",0
1.1462283572158,"U",1
-2.40309621489187,"M",1
0.572739555245841,"Z",0
0.374724406778655,"M",1
-0.425267721556076,"H",2
0.951012807576816,"X",0
-0.389237181718379,"M",1
-0.284330661799574,"W",0
0.857409778079803,"G",1
1.7196272991206,"F",7
0.270054900937229,"X",2
-0.42218400978764,"F",4
-1.18911329485959,"R",1
-0.33103297887901,"J",1
-0.939829326510021,"L",0
-0.258932583118785,"C",1
0.394379168221572,"A",0
-0.851857092023863,"Q",1
2.64916688109488,"B",1
0.156011675665079,"N",5
1.13020726745494,"C",0
-2.28912397984011,"I",12
0.741001157195439,"I",8
-1.31624516045156,"F",2
0.919803677609141,"V",0
0.398130155451956,"M",0
-0.407528579269772,"Z",0
1.32425863017727,"W",0
-0.70123166924692,"Z",2
-0.580614304240536,"X",0
-1.00107218102542,"F",3
-0.668178606753393,"X",0
0.945184953373082,"V",0
0.433702149545162,"S",2
1.00515921767704,"T",0
-0.390118664053679,"T",0
0.376370291774648,"A",1
0.244164924486494,"S",2
-1.42625734238254,"T",1
1.77842928747545,"G",5
0.134447660933676,"H",1
0.765598999157864,"Y",13
0.955136676908982,"M",0
-0.0505657014422701,"D",1
-0.305815419766971,"G",4
0.893673702425513,"A",1
-1.0472981490613,"N",7
1.97133738622415,"E",9
-0.383632106288362,"V",0
1.65414530227499,"I",8
1.51221269395063,"E",11
0.082965733585914,"E",9
0.5672209148515,"M",1
-1.02454847953446,"V",2
0.323006503022436,"W",3
1.04361245835618,"V",0
0.0990784868971982,"A",0
-0.45413690915436,"S",2
-0.65578185245044,"S",3
-0.0359224226225114,"E",9
1.0691614606768,"I",3
-0.483974930301277,"W",0
-0.121010111327444,"R",0
-1.29414000382084,"W",0
0.494312836014856,"F",7
1.30790152011415,"J",2
1.49704100940278,"X",0
0.814702730897356,"W",2
-1.86978879020261,"P",2
0.48202950412376,"J",0
0.456135603301202,"G",2
-0.353400285829911,"A",1
0.170489470947982,"K",0
-0.864035954126904,"K",0
0.679230774015656,"R",1
-0.327101014653104,"A",1
-1.56908218514395,"Q",0
-0.367450756170482,"E",8
1.36443492906985,"L",0
-0.334281364731164,"R",1
0.732750042209102,"N",6
0.946585640197786,"Z",2
0.00439870432637403,"T",0
-0.352322305549849,"F",5
-0.529695509133504,"S",1
0.739589225574796,"E",10
-1.06345741548281,"T",1
0.2462108435364,"G",0
-0.289499366564312,"Z",4
-2.26488935648794,"U",1
-1.40885045607319,"B",0
0.916019328792574,"B",0
-0.1912789505352,"S",3
0.803283216133648,"S",2
1.8874744633086,"B",0
1.47388118110914,"I",4
0.677268492312998,"L",1
0.379962686566745,"N",3
-0.192798426457334,"V",2
1.5778917949044,"Y",8
0.596234109318454,"G",2
-1.17357694087136,"I",9
-0.155642534890318,"G",1
-1.91890982026984,"L",0
-0.195258846110637,"A",1
-2.59232766994599,"W",0
1.31400216719805,"R",1
-0.635543001032135,"G",1
-0.429978838694188,"Y",6
-0.169318332301963,"D",1
0.612218173989128,"H",0
0.6783401772227,"Q",1
0.567951972471672,"J",2
-0.572542603926126,"S",3
-1.36329125627834,"B",0
-0.388722244337901,"U",0
0.277914132450543,"H",0
-0.823081121572025,"P",1
-0.0688409344784646,"O",2
-1.1676623261298,"S",3
-0.0083090142156068,"M",0
0.128855401597405,"A",2
-0.145875628461003,"T",0
-0.163910956736068,"V",1
1.76355200278492,"P",1
0.762586512418318,"J",0
1.11143108073063,"K",0
-0.923206952829831,"L",0
0.164341838427956,"T",3
1.15482518709727,"V",1
-0.0565214245264898,"E",11
-2.12936064823465,"U",1
0.344845762099456,"B",0
-1.90495544558553,"E",6
-0.811170153140217,"G",1
1.3240043212996,"W",1
0.615636849302674,"G",1
1.09166895553536,"L",0
0.306604861513632,"X",3
-0.110158762482857,"I",6
-0.924312773127284,"Z",2
1.5929137537192,"T",0
0.0450105981218803,"Y",10
-0.715128400667883,"Y",6
0.865223099717138,"S",2
1.0744409582779,"X",2
1.89565477419858,"F",4
-0.602997303605094,"Z",0
-0.390867820723137,"V",0
-0.416222031530192,"T",0
-0.375657422820391,"Q",1
-0.366630945702358,"C",1
-0.295677452700886,"Q",1
1.44182041019987,"W",1
-0.697538291913041,"B",0
-0.38816750592136,"B",0
0.652536452171517,"A",4
1.12477244653513,"Q",0
-0.772110803023928,"R",0
-0.508086216138287,"D",0
0.523620590498017,"R",2
1.01775422653797,"R",2
-0.251164588087978,"L",0
-1.42999344738861,"V",1
1.70912103210088,"S",2
1.43506957231162,"L",0
-0.71037114584988,"R",0
-0.0650675736555838,"Q",1
-1.75946873536593,"E",11
0.569722971819101,"E",12
1.61234679820178,"H",1
-1.63728064710472,"W",1
-0.779568513201747,"U",0
-0.641176933750564,"Q",1
-0.681131393571156,"F",5
-2.03328559561795,"I",6
0.500963559247907,"Q",0
-1.53179813996574,"F",3
-0.0249976392782635,"V",0
0.592984721025293,"W",0
-0.19819542148464,"J",0
0.892008392473526,"D",1
-0.0257150709181537,"C",0
-0.647660450585665,"M",0
0.64635941503464,"Z",1
-0.433832740029588,"B",0
1.7726111849785,"I",7
-0.0182597111630101,"L",0
0.852814993600531,"W",2
0.205162903244026,"Y",12
-3.00804859892048,"B",0
-1.36611193132898,"K",0
-0.424102260144812,"U",0
0.236803663745558,"T",1
-2.34272312035896,"I",10
0.961696633380712,"Z",4
-0.60442573385444,"M",0
-0.752877279362913,"W",1
-1.55561159254425,"F",2
-1.45389373800106,"L",0
0.0563318360544103,"Y",12
0.509369406673892,"M",0
-2.0978829597843,"U",0
-1.00436197944933,"N",5
0.535771722252592,"Y",14
-0.453037084649918,"V",1
2.16536850181726,"N",13
1.24574667274811,"V",4
0.595498034069596,"E",7
0.0048844495381889,"H",1
0.279360782055259,"L",0
-0.705906125267626,"Z",0
0.628017152957251,"W",3
1.4802139600857,"F",6
1.08342991008328,"Y",13
-0.813244256664091,"N",5
-1.61887684922359,"R",0
-0.109655699488241,"A",1
0.440889370916978,"L",0
1.3509939798086,"S",2
-1.31860948453356,"D",1
0.364384592607448,"Y",7
0.233499835088518,"Z",2
1.19395526125905,"I",8
-0.0279099721295774,"Y",10
-0.357298854504253,"G",2
-1.14681413611837,"M",0
-0.517420483593623,"I",12
-0.362123772578272,"T",0
2.35055432578911,"Z",2
2.44653137569996,"W",1
-0.166703279484276,"K",0
-1.04366743906189,"S",1
-1.97293493407467,"T",1
0.514671633438029,"T",1
-1.09057358373486,"H",0
2.28465932554436,"Z",4
-0.885617572657959,"H",0
0.111106429745722,"J",2
3.81027668071067,"I",12
-1.10890999794325,"L",1
0.307566624421454,"A",1
-1.10689447222516,"F",6
0.34765364882196,"X",1
-0.873264535062044,"W",1
0.0773031227369236,"J",2
-0.296868642156621,"F",2
-1.18324224043267,"G",1
0.0112926884238996,"K",0
0.991601036059367,"T",0
1.59396745390374,"U",0
-1.37271127092917,"J",0
-0.249610933042319,"B",0
1.15942452685555,"H",1
-1.1142223478436,"T",0
-2.52850068885039,"V",2
-0.935902558513312,"N",8
-0.967239457935565,"I",12
0.0474885923277959,"N",6
-0.403736793498034,"J",0
0.231496128244633,"D",0
-0.422372407926746,"G",0
0.374118394695298,"Z",4
-0.366005774997015,"O",2
1.19010144652106,"C",0
-0.737327525257229,"E",11
0.290666645439266,"C",0
-0.884849568284455,"M",0
0.208006478870832,"U",0
-0.0477301724785263,"S",6
-1.68452064613859,"T",1
-0.144226556618951,"M",1
1.18021366550265,"F",2
0.681399923199504,"P",2
0.143247630887551,"K",0
-1.19231644371292,"X",2
1.16922865278909,"Y",15
0.0792017089453723,"A",0
-0.451773752768677,"O",4
1.64202821280077,"J",3
-0.769592321599518,"U",0
0.303360960757848,"Z",3
1.28173742118351,"H",0
0.602222795170429,"O",3
-0.307022264536836,"D",0
-0.418418103422641,"N",4
0.355135530046085,"S",1
0.513481114599557,"I",6
0.01860740032874,"P",1
1.31844897225668,"E",10
-0.065831999838153,"Z",2
-0.700296078317704,"N",5
0.537326131521341,"P",5
-2.20178232235392,"T",1
0.391973743798411,"M",1
0.496960952423719,"Z",2
-0.224874715429902,"W",0
-1.11714316533188,"R",2
-0.394994603313877,"Y",13
1.54983034223631,"I",5
-0.743514479798666,"Z",0
-2.33171211772957,"F",4
0.812245442209214,"J",0
-0.501310657201351,"T",1
-0.510886565952357,"M",1
-1.21536404115501,"S",0
-0.022558628347222,"M",0
0.701239300429707,"X",2
-0.587482025589799,"I",9
-0.60672794141879,"Z",1
1.09664021500029,"E",8
-0.247509677080296,"H",0
-0.159901713323247,"B",1
-0.625778250735075,"J",0
0.900434635600238,"N",5
-0.994193629266225,"L",0
0.849250385880362,"B",0
0.805702288976437,"J",0
-0.46760093599122,"Q",0
0.848420313723343,"P",3
0.986769863596017,"X",0
0.57562028851936,"G",1
2.02484204541817,"L",0
-1.96235319122504,"X",0
-1.16492093063759,"H",0
-1.37651921373083,"T",0
0.167679934469767,"O",7
1.58462907915972,"Q",0
1.67788895297625,"Q",0
0.488296698394955,"Y",12
0.878673262560324,"D",1
-0.144874874029881,"H",0
0.468971760074208,"G",1
0.376235477129484,"A",2
-0.761040275056481,"U",0
-0.293294933750864,"D",1
-0.134841264407518,"J",2
1.39384581617302,"S",5
-1.03698868969829,"W",2
-2.11433514780366,"Z",4
0.768278218204398,"B",0
-0.816160620753485,"W",1
-0.436106923160574,"L",0
0.904705031282809,"C",1
-0.763086264548317,"P",2
-0.341066979637804,"C",0
1.50242453423459,"M",2
0.5283077123164,"U",1
0.542191355464308,"H",1
-0.136673355717877,"R",0
-1.13673385330273,"G",2
-1.49662715435579,"V",1
-0.223385643556595,"H",0
2.00171922777288,"C",1
0.221703816213622,"D",2
0.164372909246388,"F",6
0.33262360885001,"H",1
-0.385207999091431,"C",0
-1.39875402655789,"P",0
2.67574079585182,"T",1
-0.423686088681983,"S",1
-0.298601511933064,"J",1
-1.79234172685298,"I",11
-0.248008225068098,"X",0
-0.247303918374605,"Q",0
-0.255510378526346,"R",1
-1.78693810009257,"N",8
1.78466281602476,"M",1
1.76358634774588,"M",1
0.689600221934096,"J",1
-1.10074064442392,"W",0
0.714509356897811,"P",2
-0.246470316934021,"Y",9
-0.319786165927205,"T",0
1.3626442929547,"J",1
-1.22788258998268,"V",1
-0.511219232750473,"X",0
-0.731194999064964,"H",0
0.0197520068767907,"S",2
-1.57286391470999,"K",1
-0.703333269828288,"C",1
0.715932088907665,"B",0
0.465214906423109,"Y",14
-0.973902306404292,"R",1
0.559217730468333,"Z",1
-2.43263974540567,"I",8
-0.340484926702145,"R",2
0.713033194850233,"E",9
-0.659037386489128,"C",0
-0.0364026225664853,"L",0
-1.59328630152691,"D",0
0.847792797247769,"Q",1
-1.85038884866061,"V",1
-0.323650631690314,"P",0
-0.255248112503172,"Z",3
0.0609212273067499,"A",0
-0.823491629018878,"X",0
1.82973048483604,"V",1
-1.4299162157815,"J",0
0.254137143004585,"F",3
-2.93977369533598,"H",0
0.00241580894347513,"C",0
0.509665571261936,"B",0
-1.08472000111396,"Q",0
0.704832976877566,"I",15
0.330976349994212,"B",1
0.976327472976372,"U",0
-0.843339880398736,"I",4
-0.970579904862913,"W",1
-1.77153134864293,"F",3
-0.322470341645949,"N",5
-1.3388007423545,"Q",1
0.688156028146055,"Q",0
0.0712806522505788,"G",1
2.18975235927918,"P",2
-1.15770759930148,"K",0
1.18168806409233,"N",9
-0.527368361608178,"E",14
-1.45662801131076,"O",5
0.572967370493168,"M",1
-1.43337770467221,"F",3
-1.0551850185265,"Z",1
-0.733111877421952,"K",1
0.210907264251298,"O",1
-0.99892072706101,"M",2
1.07785032320562,"X",0
-1.19897438250787,"V",2
0.216637035184711,"H",1
0.143087029788927,"Q",1
-1.06575009105298,"G",1
-0.428623410701779,"J",2
-0.656179476771346,"Q",1
0.959394326857613,"J",1
1.55605263610222,"J",0
-1.04079643378825,"W",0
0.930572408540247,"V",3
-0.0754459310121911,"Q",0
-1.96719534905096,"V",0
-0.755903642645193,"B",0
0.461149160506762,"H",2
0.145106631047872,"M",0
-2.44231132108142,"O",1
0.580318685451573,"S",3
0.655051998486745,"K",1
-0.304508837259419,"R",0
-0.707568232617297,"Z",2
1.97157201447823,"D",2
-0.0899986806477491,"U",1
-0.0140172519319242,"N",5
-1.12345693711015,"L",0
-1.34413012337621,"B",0
-1.52315577106209,"Y",4
-0.421968210382174,"L",0
1.36092446408098,"D",1
1.75379484533487,"C",0
1.56836473435279,"N",5
1.29675556994775,"J",0
-0.237596251443612,"Y",9
-1.22415013568071,"T",0
-0.327812680140072,"Q",0
-2.41245027627225,"H",1
-0.31379287344339,"A",0
1.65987870464572,"U",0
0.130953100607517,"T",2
1.09588868268958,"L",0
0.489340956943913,"S",2
-0.778910295448653,"A",2
1.74355935292935,"X",2
-0.0783872853310662,"Z",1
-0.975553792522548,"Z",0
0.0706598247385691,"K",0
-1.5185995288232,"L",0
0.863779032791318,"U",0
0.501568385364368,"B",0
-0.354781329646987,"M",0
-0.48842888759119,"H",0
0.936293947292698,"K",1
-1.06240838642214,"Y",8
-0.983820871704388,"O",3
0.424247877020078,"W",0
-0.451313480552634,"F",6
0.925084796723901,"L",0
-0.198620809812313,"W",0
1.1948510169004,"W",1
0.495544705180151,"R",1
-2.24515257409297,"W",1
-1.33537136041822,"K",0
1.28277520617769,"L",0
0.690795904173712,"G",2
-0.967062667858309,"F",4
-1.34579368502011,"J",0
1.03366538931573,"Y",7
-0.811776459663054,"Y",11
1.80172547861817,"C",0
1.77154196037941,"M",0
-1.45469136980239,"A",0
-0.845654312575637,"S",1
-1.25047965932418,"T",0
0.667288067904176,"N",6
-1.29076968763763,"B",1
-2.03500353846891,"N",5
2.02134699449252,"R",1
1.00597348761217,"R",0
0.817123601225002,"J",0
-0.663988283577244,"M",0
-0.0112812312503971,"U",0
0.619677256209794,"S",5
-1.2812387419642,"H",1
-0.124261326376048,"N",4
0.175741654501771,"T",0
1.69277379447271,"S",4
0.642132717206933,"O",2
1.28223303234921,"M",0
0.140546973547383,"B",1
-1.11250268318057,"S",2
-0.339676971961898,"X",0
-1.66476463926247,"C",0
0.928851761720271,"T",0
1.41682683471578,"U",0
-0.0627207776270142,"N",5
-0.980902336097871,"Q",0
1.08715025123701,"Q",0
0.139327026560686,"W",0
-0.386272097673785,"D",1
1.12358542318002,"Y",8
-0.759845657357593,"Z",0
1.14895910322903,"J",0
-0.84247625893675,"N",7
0.391413340392769,"J",1
0.891377242318638,"U",3
-1.33525871255432,"J",1
0.398123477834933,"Y",13
-0.111586802948826,"T",0
0.675743916642286,"L",0
-0.788597935379218,"D",0
-0.0869863340574937,"F",5
1.38228400775579,"C",1
0.168490163808026,"M",1
0.823190948275118,"A",2
-0.220894597616442,"K",0
-1.02939165471471,"Y",12
-0.0109256908471287,"T",0
-1.22499115544077,"K",1
-2.59611138844997,"P",1
1.16912259199149,"V",0
-1.08690881697743,"S",2
-1.82608301264641,"S",3
0.995281807292567,"D",1
-0.0118617814307389,"S",4
-0.599628394751609,"S",4
-0.177947986602105,"K",0
-0.425981341802302,"U",1
0.996658776455071,"L",1
0.727660708501531,"Q",0
-1.72663059586351,"Y",11
0.35339849564175,"N",3
0.726813665899557,"F",3
0.668260975976705,"R",0
-2.42431730928421,"R",1
-0.235357425015276,"A",1
1.97963332091796,"I",8
0.796794538639531,"R",1
-1.70927618064586,"M",1
-1.66366871188344,"M",0
0.49110955231555,"C",0
-0.174055485572285,"L",0
0.961290563877483,"B",0
0.293826661677307,"R",0
0.0809993635091707,"V",1
0.183661842799281,"P",0
0.16625503539133,"O",3
-1.26959906621425,"P",3
2.34949332061946,"R",1
-1.41200540742533,"W",1
-0.0169614927822389,"E",6
-0.544319352621665,"V",2
1.80011233335541,"I",6
1.01144017617923,"V",1
-0.563716555906629,"Q",0
0.205420795375023,"U",0
1.16546195019875,"Q",0
2.2363228395069,"I",8
0.302265076168852,"W",2
-1.04250660223103,"H",0
-0.983542313495811,"K",0
2.00571858043419,"D",2
-2.07057148385748,"U",0
3.05574236888186,"D",0
-0.2613505940873,"R",0
-0.45439325911372,"E",14
0.157560555463951,"J",0
0.933388727865257,"H",0
0.302828275834352,"C",0
-1.95615022247248,"L",0
0.353536709469366,"L",0
0.450424513742423,"U",0
0.659550870534498,"C",0
-1.03142072760739,"X",0
-2.37102288136148,"Y",8
-0.324576307824521,"U",0
-0.94429875090974,"N",3
-0.765889998443101,"W",2
-0.953779266719918,"X",0
-0.398004449854522,"M",2
-0.311217062923606,"W",1
0.796092713239834,"C",1
0.986428343875779,"M",0
-0.794531662417426,"I",11
-0.308817971515212,"D",2
0.361444766025588,"C",0
1.39879110483802,"R",1
-0.0560704196424014,"C",0
-1.69887349155411,"O",4
0.231852545141301,"J",0
-0.119090670970556,"H",0
1.77249285346043,"P",2
0.343422165443603,"U",0
-0.623049782354728,"H",1
-0.439522293828527,"U",0
-0.505296789545481,"N",8
0.186035137157474,"K",1
0.176417797599477,"L",0
0.915848206824781,"D",1
0.320176726180939,"V",0
-0.36668729712132,"Q",0
-0.940611295179737,"I",10
0.634702931419534,"E",10
-0.0624884823283309,"Z",3
0.182837867691791,"Q",0
1.10364101842281,"E",17
1.75203561864876,"Z",1
-0.953816460135553,"E",6
1.64408045682029,"M",2
-0.866733529450919,"K",0
0.266352192194765,"G",1
0.222370494855364,"E",12
-0.276908509892329,"Z",0
1.39425304101804,"H",0
-0.658911999778006,"M",0
0.660531280513291,"L",1
-0.0132557001432984,"M",1
-0.931480298730843,"Y",5
1.21468914346638,"A",2
-2.08834036550883,"C",0
-0.526152469412621,"U",0
-1.54140256690726,"Y",10
0.194321069901269,"Q",1
0.264422549440984,"U",1
-1.11873516870975,"Q",0
0.650952956147074,"G",2
-1.032900238582,"W",0
0.659201499417982,"K",1
0.237829399627714,"W",0
0.71527594710452,"X",0
-0.93848303919385,"Z",4
0.0953540096781045,"U",0
-0.462819419956343,"F",0
-1.46888215609457,"Z",0
0.152686505521528,"R",1
1.77376261131718,"F",4
-0.648070933515048,"C",0
-0.199817475668204,"Y",11
0.689243732977183,"Y",12
0.0361455098365949,"W",2
1.94353631225286,"S",5
0.737213733789873,"Q",0
2.32133393302204,"N",4
0.34890934629397,"M",1
-1.13391666127592,"F",5
0.421335267904323,"H",1
-0.924556256814186,"J",1
-1.00706236611934,"A",2
-0.189474330103611,"M",0
0.9339167001786,"M",0
0.343909999577983,"I",7
0.814020276463554,"R",1
0.915341002280603,"H",2
-0.171852130422256,"J",2
-2.40223111360906,"O",3
0.795906851730836,"I",9
2.16911586935979,"A",2
0.0583834994596872,"A",0
-1.35491444952768,"N",9
-0.36755076555405,"K",0
-0.934517579155246,"N",5
-0.0416392200716165,"O",2
0.676112005556641,"N",6
0.86643614680554,"Q",0
0.235175024813313,"X",2
-0.933970133276432,"B",0
0.813252167281602,"P",2
1.34831855513005,"H",2
2.25188277593107,"M",1
-0.493652434465923,"Z",0
0.474092599152496,"P",1
1.19369166611409,"K",0
-0.116395471522116,"Y",8
0.524858555768479,"R",0
0.214421481278423,"W",0
-0.134449534536861,"F",3
0.168509102875034,"U",1
0.964732769529999,"M",1
0.408778914004396,"K",0
-0.466438215174507,"U",1
-2.23978297582177,"V",0
-0.795063185124836,"R",1
-0.0199551173436351,"E",6
-2.51442512196431,"W",0
2.21095203169735,"F",7
-1.48876222991277,"P",1
-1.16075187561923,"M",0
1.45773822495573,"E",9
-2.18987594871999,"P",1
0.739062681128372,"K",0
-0.344008768542759,"X",0
0.455876741511694,"F",5
0.878110262544797,"U",0
-0.958463922912324,"N",4
-0.70584484574861,"G",3
-2.99694930322778,"G",1
-0.961052324044844,"U",1
0.380188253916704,"R",1
0.505067589582035,"R",0
2.02705600379976,"U",0
0.0646270287396298,"X",1
0.463658648401867,"C",0
0.0747783326935444,"L",0
-0.48683623583544,"Z",2
0.748910820862606,"R",2
0.464234580889638,"O",4
0.129420458393473,"L",0
-0.815460651610283,"Q",0
-0.0401504517354262,"U",1
0.781416977680249,"E",13
0.676452747462629,"W",1
-0.482652525567947,"D",1
-0.669113467963509,"V",3
0.512801321922257,"N",5
1.04890992895349,"S",3
0.121058163102937,"N",6
-0.313292885379532,"L",0
-0.88067073001145,"V",1
-0.419286891272189,"L",1
-1.4827516780218,"B",0
-0.697318199400121,"X",1
1.13496508865819,"O",1
1.11193184503695,"M",1
-0.870777633605343,"P",2
0.210731585072843,"S",6
0.0693956473744585,"Z",0
-1.66264885284192,"Z",3
0.81083998017723,"S",4
-1.91234579604708,"Q",0
-1.24675342879504,"T",1
0.998154445057314,"I",4
-0.540872744514261,"A",4
-0.216375790780247,"D",1
-1.62193729284198,"G",2
-1.45096396539936,"M",1
0.35090973068782,"F",4
-0.174546928731224,"D",0
-0.591428470216157,"U",0
-1.33402726089608,"M",0
-1.09729850119228,"H",0
2.03610360936432,"H",1
-0.326489593374826,"D",1
0.77400521202148,"M",0
0.78500640067928,"C",0
0.763246080345894,"H",0
0.294808759565037,"M",0
-1.25235592417266,"L",0
-1.00950375276966,"B",0
0.751391194545935,"W",0
-1.30835351258276,"K",0
0.527540097063652,"R",0
-0.53353957357734,"I",8
-0.398376014093638,"E",7
-0.789569450494829,"A",1
-0.230141136270548,"Z",1
0.877184841651799,"P",0
0.453733177541175,"A",0
-0.232464147723414,"D",1
0.87000552469028,"M",0
1.65600373414682,"R",0
-0.00636892891484486,"N",4
0.470489453107761,"M",0
0.278218649064741,"Z",4
-0.977902941018112,"I",6
-0.92658614214595,"V",1
1.9197704626212,"I",11
0.881277787776179,"N",6
0.742081771926477,"V",0
0.147573404049434,"N",10
0.485388564992269,"M",0
0.151856039545981,"S",1
0.0419987540872705,"N",4
0.223422311943048,"V",2
-1.01046508600421,"A",3
2.40122210197122,"Z",1
0.801961790270882,"S",3
-0.25120795895565,"M",0
1.21288937082924,"V",2
-0.627258086004879,"U",1
1.71115850747586,"G",2
-0.39437355302276,"T",0
-2.32149085645191,"Q",0
1.36411919539957,"L",0
1.13222913272875,"U",1
-0.774316319358709,"E",13
-1.41037496599359,"G",2
-1.83452758069664,"E",13
-0.269013537930427,"C",1
-1.83392857727967,"F",2
-0.814468018774975,"V",1
0.163572122378624,"O",3
0.855519222050403,"H",0
-0.819963126879738,"P",3
-0.123602759975676,"S",2
0.254948236041434,"W",0
1.71892633823732,"H",1
-0.958543527527119,"U",0
-1.60431026176048,"B",0
-1.8456094217108,"M",1
0.55573718528977,"W",2
-0.0601191913503692,"W",1
0.772086304393126,"C",1
-0.140839387157354,"Z",1
0.393093925514259,"H",0
0.224218574159447,"S",1
0.0235419851685809,"L",0
-0.622962659764788,"X",1
1.26200938062639,"F",6
-0.405774042775771,"N",9
0.666763771442479,"B",0
0.164639154530128,"G",0
1.78152447478717,"G",0
0.711213964323878,"P",1
-0.33769115586237,"N",6
-0.00914895226735463,"G",4
-0.125309208413434,"V",1
-2.0908460969723,"G",1
1.69739389482068,"V",2
1.06388115448751,"U",0
-0.766616636225272,"Q",0
0.38200755917038,"W",0
0.241895903606986,"D",2
-1.13275941105242,"P",1
1.48990741365323,"R",1
-0.248247104968965,"K",1
0.183583707943453,"F",2
0.404871009439746,"F",5
-0.994124469309423,"N",3
-1.08542932956727,"D",0
-0.0485425545297223,"C",0
0.576085600512206,"R",0
0.0738305318446132,"C",0
0.705945571302218,"R",1
0.334980103391354,"L",0
0.545387805924617,"C",0
-1.40290590594127,"K",0
0.677053890943881,"O",9
-0.789800446142907,"Z",1
-0.465728889434096,"B",1
-0.104852065234789,"J",4
-1.64785108730534,"Y",12
-0.0995369519713592,"C",0
-0.439857636843203,"D",1
-0.718511451938464,"T",0
-0.554597596334913,"Q",0
1.24548917675143,"J",1
-1.2589213509611,"B",1
-0.215384481428024,"E",9
-2.47196171011946,"X",0
-0.674169320106069,"Z",0
-0.501297185429917,"N",7
1.54232578795203,"G",1
-0.962018065236758,"R",1
-0.872179536441406,"D",1
-1.39762961790436,"M",1
0.179805166816406,"W",0
1.15409198778734,"F",8
-1.19853361008649,"Z",0
-0.425724401474022,"F",4
1.36630860884751,"O",7
-0.684297394658662,"R",1
0.685512208376277,"X",1
0.389503542813737,"N",0
-1.3053959238053,"F",6
1.21688801110113,"V",1
0.79517401827231,"S",0
-0.4882025094258,"M",1
-0.903993454630162,"F",4
-0.390418418086926,"W",2
0.814063415145414,"D",0
-0.564249280183431,"V",0
-1.87420531876932,"V",1
-0.1429047109211,"R",1
0.77190400974234,"L",1
-1.15911793016754,"G",1
-0.237915527670336,"R",1
-1.22219332602225,"S",5
0.116806212925635,"Y",15
-0.132499628013521,"H",0
-0.0336847760376347,"T",1
-0.62232641822747,"P",4
-0.709363461552928,"G",0
0.871445414408745,"D",2
0.105138019037167,"B",0
-0.186935267573857,"V",1
-3.21318853242083,"F",1
-1.27561870316385,"V",2
0.762906317886378,"U",0
-0.406815143442807,"V",1
-1.20831778388061,"X",0
-0.43932265687835,"F",5
-0.375580745942977,"G",1
-0.501442395146708,"E",9
0.496612575778754,"Y",9
1.52088093822893,"A",1
0.988091827811358,"J",0
1.24612253397107,"Q",0
-0.329867327498483,"C",0
0.844344713988944,"H",1
-0.981075755246316,"K",0
-0.139221405117457,"N",4
2.1854379064735,"Q",0
-0.0128280098786072,"E",3
-0.305308925970688,"W",1
-0.584213460652307,"T",1
0.771268501872661,"V",1
2.1061893617618,"W",2
0.412157036847037,"Z",0
-0.261264878093957,"Z",3
2.07378364600369,"K",1
-0.778830223440943,"I",12
1.1315325132809,"A",2
-0.421345128083654,"V",1
-1.02174737001973,"N",4
1.21830537874678,"V",0
-1.79976067489539,"E",10
-0.308249938350721,"F",3
0.0155152433487359,"F",4
-0.442317718666929,"G",2
-1.63800773288119,"G",0
-0.641401156182851,"R",0
-1.55703574445065,"L",0
1.92316365296288,"Z",2
-1.85682962839986,"G",0
-2.10611843559503,"A",0
0.697648526944346,"A",3
0.907444407728329,"H",1
-0.195988198884024,"S",3
-0.2068204879556,"Q",0
0.725043170475101,"X",2
1.3987189554318,"S",3
-1.59055514942723,"A",1
1.30449707663973,"D",3
0.196011733697651,"J",0
-0.339343445485698,"L",0
1.26514414014377,"W",0
0.939773685073443,"H",0
1.27795248593622,"O",6
-0.291160143634804,"N",5
0.776172449681573,"O",2
0.295725633211195,"D",2
-0.517199554781421,"A",0
1.75723302433968,"P",4
0.161726818855121,"P",2
-0.0546843758381312,"S",4
0.528971600668833,"F",4
0.389734521255614,"K",0
-0.705771414843546,"A",0
-0.0531784750924348,"X",2
2.60644448878565,"U",0
-0.0725931047832675,"F",4
-0.296271891430325,"V",0
0.734330336061997,"G",2
0.40148074643659,"S",4
-0.538301076039725,"V",2
-1.08272281091707,"Y",9
0.847801407504121,"N",5
0.118845015006807,"E",5
0.482247222776156,"Z",1
-0.291324804724124,"W",1
-1.65211027147727,"A",1
0.0690945982758841,"M",1
2.39057669996185,"L",1
-1.46177168630104,"Z",1
-0.984806292747729,"I",11
-1.33605374450295,"O",2
-0.365131611733055,"T",0
1.38145424797967,"F",5
-0.153317255754176,"K",0
-0.255571634239904,"S",4
-1.28862710359708,"S",2
0.06526641700069,"K",1
1.03532642142089,"Q",1
2.26021579186023,"O",4
1.31469627531537,"N",12
-0.870023345687065,"I",8
-0.503130035385095,"A",1
0.607455555255871,"Z",3
-0.0100414162545742,"M",1
0.275330299618763,"K",1
-1.31229878337135,"L",1
-0.42652986734355,"F",4
-0.926404247679901,"A",3
-0.928557924611241,"K",0
-0.718900602222104,"T",2
-0.414790569518114,"F",7
-0.00566789314053156,"L",0
0.633448919494853,"W",4
-0.50918077365596,"O",1
-0.857008619328728,"W",0
1.61616757681286,"S",3
0.993866406838329,"M",0
0.696845859405803,"S",7
1.6999706729654,"D",0
-0.977741945262675,"R",1
2.04881758195934,"L",0
1.22644932416057,"H",0
0.307023011977597,"V",1
0.624332983926657,"B",0
0.0613414424510207,"V",0
-0.110825791428948,"U",1
-1.5762335600693,"Q",2
0.742589845818649,"G",3
2.14232339810565,"T",0
2.08977295667316,"M",1
0.169794327127524,"A",0
-0.107877788921055,"G",0
0.18199449457932,"O",2
1.14592817832429,"T",0
1.47729882260241,"E",7
0.40794415253402,"D",1
1.11427873521406,"H",2
-0.0270758439935565,"A",2
0.497722203347278,"H",0
1.18564001363487,"X",0
3.63957362674029,"T",1
-0.05400259559406,"M",1
-0.668147316886616,"V",2
0.445807957415336,"O",1
-0.405825246363776,"B",0
0.635283144521572,"X",1
