"Coto","Tratamiento","Sujeto","Tiempo","CargaP","Densidad","Sexo"
"Coto_1","Dosis_Alta",1,"Post",1,"0,0827795853816981",2
"Coto_1","Dosis_Alta",1,"Pre",0,0,2
"Coto_1","Dosis_Alta",2,"Post",1,"1,44423746294868",1
"Coto_1","Dosis_Alta",2,"Pre",2,"0,647403335954059",1
"Coto_1","Dosis_Alta",3,"Post",0,0,2
"Coto_1","Dosis_Alta",3,"Pre",1,"1,19235607204829",2
"Coto_1","Dosis_Alta",4,"Post",0,0,2
"Coto_1","Dosis_Alta",4,"Pre",0,0,2
"Coto_1","Dosis_Alta",5,"Post",0,0,2
"Coto_1","Dosis_Alta",5,"Pre",2,"1,39024863404133",2
"Coto_1","Dosis_Alta",6,"Post",1,"1,20068452947578",1
"Coto_1","Dosis_Alta",6,"Pre",3,"1,71536340322599",1
"Coto_1","Dosis_Alta",7,"Post",1,"0,718284052921548",1
"Coto_1","Dosis_Alta",7,"Pre",0,0,1
"Coto_1","Dosis_Alta",8,"Post",1,"0,656347342388086",2
"Coto_1","Dosis_Alta",8,"Pre",2,"1,5708630801641",2
"Coto_1","Dosis_Alta",9,"Post",2,"3,36213104131029",2
"Coto_1","Dosis_Alta",9,"Pre",1,"0,781958240048052",2
"Coto_1","Dosis_Alta",10,"Post",0,0,1
"Coto_1","Dosis_Alta",10,"Pre",1,"1,57484540576905",1
"Coto_1","Dosis_Baja",11,"Post",7,"6,3666163001271",1
"Coto_1","Dosis_Baja",11,"Pre",12,"1,08641642007836",1
"Coto_1","Dosis_Baja",12,"Post",7,"9,94494315074694",1
"Coto_1","Dosis_Baja",12,"Pre",4,"3,52719853742505",1
"Coto_1","Dosis_Baja",13,"Post",4,"4,98959791340845",1
"Coto_1","Dosis_Baja",13,"Pre",9,"2,67947557611346",1
"Coto_1","Dosis_Baja",14,"Post",6,"0,825115537894973",1
"Coto_1","Dosis_Baja",14,"Pre",8,"12,9678862599997",1
"Coto_1","Dosis_Baja",15,"Post",6,"11,3210442185382",1
"Coto_1","Dosis_Baja",15,"Pre",10,"12,1869379588917",1
"Coto_1","Dosis_Baja",16,"Post",5,"5,31107263364696",2
"Coto_1","Dosis_Baja",16,"Pre",10,"15,6640769670189",2
"Coto_1","Dosis_Baja",17,"Post",4,"6,87045155480311",1
"Coto_1","Dosis_Baja",17,"Pre",11,"21,5900190532726",1
"Coto_1","Dosis_Baja",18,"Post",5,"1,53800619220764",1
"Coto_1","Dosis_Baja",18,"Pre",6,"10,6122342522622",1
"Coto_1","Dosis_Baja",19,"Post",6,"6,27920888608735",1
"Coto_1","Dosis_Baja",19,"Pre",8,"14,1364218813823",1
"Coto_1","Dosis_Baja",20,"Post",5,"8,96681385976547",2
"Coto_1","Dosis_Baja",20,"Pre",10,"19,0437870255279",2
"Coto_1","Dosis_Media",21,"Post",4,"4,53310446164018",2
"Coto_1","Dosis_Media",21,"Pre",4,"0,709247597622237",2
"Coto_1","Dosis_Media",22,"Post",5,"8,92148169122663",1
"Coto_1","Dosis_Media",22,"Pre",7,"3,57277649584601",1
"Coto_1","Dosis_Media",23,"Post",4,"3,44180742240809",1
"Coto_1","Dosis_Media",23,"Pre",5,"3,42773183620965",1
"Coto_1","Dosis_Media",24,"Post",4,"7,43701554332304",2
"Coto_1","Dosis_Media",24,"Pre",6,"11,074389358624",2
"Coto_1","Dosis_Media",25,"Post",5,"5,96459927465655",2
"Coto_1","Dosis_Media",25,"Pre",6,"5,30069552964077",2
"Coto_1","Dosis_Media",26,"Post",7,"3,21058724405032",2
"Coto_1","Dosis_Media",26,"Pre",7,"9,54878376191029",2
"Coto_1","Dosis_Media",27,"Post",4,"0,187355332119155",1
"Coto_1","Dosis_Media",27,"Pre",4,"5,03271555602893",1
"Coto_1","Dosis_Media",28,"Post",4,"0,402010548240551",2
"Coto_1","Dosis_Media",28,"Pre",7,"5,56486994937391",2
"Coto_1","Dosis_Media",29,"Post",7,"3,72928196004631",2
"Coto_1","Dosis_Media",29,"Pre",4,"7,81469472178482",2
"Coto_1","Dosis_Media",30,"Post",3,"1,1226685415395",2
"Coto_1","Dosis_Media",30,"Pre",5,"3,06632866250029",2
"Coto_2","Dosis_Alta",31,"Post",0,0,1
"Coto_2","Dosis_Alta",31,"Pre",1,"0,17623252245397",1
"Coto_2","Dosis_Alta",32,"Post",1,"0,276525920292325",1
"Coto_2","Dosis_Alta",32,"Pre",2,"1,78628714919602",1
"Coto_2","Dosis_Alta",33,"Post",1,"1,78572814370995",2
"Coto_2","Dosis_Alta",33,"Pre",1,"0,803611540036306",2
"Coto_2","Dosis_Alta",34,"Post",1,"1,15468973913939",1
"Coto_2","Dosis_Alta",34,"Pre",0,0,1
"Coto_2","Dosis_Alta",35,"Post",0,0,2
"Coto_2","Dosis_Alta",35,"Pre",0,0,2
"Coto_2","Dosis_Alta",36,"Post",1,"0,488203428418855",2
"Coto_2","Dosis_Alta",36,"Pre",1,"0,623014243576394",2
"Coto_2","Dosis_Alta",37,"Post",0,0,2
"Coto_2","Dosis_Alta",37,"Pre",3,"1,6323333185197",2
"Coto_2","Dosis_Alta",38,"Post",1,"1,09237355440801",2
"Coto_2","Dosis_Alta",38,"Pre",5,"0,787761932752825",2
"Coto_2","Dosis_Alta",39,"Post",1,"1,37277160529686",2
"Coto_2","Dosis_Alta",39,"Pre",0,0,2
"Coto_2","Dosis_Alta",40,"Post",1,"1,78267604537961",2
"Coto_2","Dosis_Alta",40,"Pre",3,"3,21038974408504",2
"Coto_2","Dosis_Baja",41,"Post",4,"2,27527477857191",1
"Coto_2","Dosis_Baja",41,"Pre",9,"12,2308475102642",1
"Coto_2","Dosis_Baja",42,"Post",4,"0,0160336652684721",1
"Coto_2","Dosis_Baja",42,"Pre",10,"8,7467577601254",1
"Coto_2","Dosis_Baja",43,"Post",7,"13,9089311562855",2
"Coto_2","Dosis_Baja",43,"Pre",6,"10,3859696323777",2
"Coto_2","Dosis_Baja",44,"Post",3,"5,29960896562138",2
"Coto_2","Dosis_Baja",44,"Pre",16,"28,4259779848559",2
"Coto_2","Dosis_Baja",45,"Post",7,"9,08466662880857",1
"Coto_2","Dosis_Baja",45,"Pre",9,"2,08762804751634",1
"Coto_2","Dosis_Baja",46,"Post",4,"3,09022114432895",1
"Coto_2","Dosis_Baja",46,"Pre",10,"13,7449933372311",1
"Coto_2","Dosis_Baja",47,"Post",7,"8,48811005256755",2
"Coto_2","Dosis_Baja",47,"Pre",14,"9,50469749166186",2
"Coto_2","Dosis_Baja",48,"Post",6,"2,1315526583244",2
"Coto_2","Dosis_Baja",48,"Pre",8,"2,10716032713597",2
"Coto_2","Dosis_Baja",49,"Post",4,"5,45904847177919",2
"Coto_2","Dosis_Baja",49,"Pre",5,"4,03252484728232",2
"Coto_2","Dosis_Baja",50,"Post",8,"3,95597799573257",1
"Coto_2","Dosis_Baja",50,"Pre",12,"19,2647062673207",1
"Coto_2","Dosis_Media",51,"Post",5,"1,97925492172562",2
"Coto_2","Dosis_Media",51,"Pre",9,"8,22526232387139",2
"Coto_2","Dosis_Media",52,"Post",4,"3,38942411420523",1
"Coto_2","Dosis_Media",52,"Pre",4,"3,54067688835708",1
"Coto_2","Dosis_Media",53,"Post",5,"5,61889187366671",1
"Coto_2","Dosis_Media",53,"Pre",6,"8,44332751121023",1
"Coto_2","Dosis_Media",54,"Post",4,"2,44513356269011",2
"Coto_2","Dosis_Media",54,"Pre",3,"0,747995511287077",2
"Coto_2","Dosis_Media",55,"Post",8,"4,04656274752645",1
"Coto_2","Dosis_Media",55,"Pre",6,"6,82931646548516",1
"Coto_2","Dosis_Media",56,"Post",4,"5,73706786671084",2
"Coto_2","Dosis_Media",56,"Pre",8,"0,683281284318121",2
"Coto_2","Dosis_Media",57,"Post",5,"3,41485660073816",1
"Coto_2","Dosis_Media",57,"Pre",4,"0,533917673197632",1
"Coto_2","Dosis_Media",58,"Post",5,"6,1256626218082",2
"Coto_2","Dosis_Media",58,"Pre",2,"0,811534611167067",2
"Coto_2","Dosis_Media",59,"Post",4,"0,236859217669239",1
"Coto_2","Dosis_Media",59,"Pre",5,"7,29215065020189",1
"Coto_2","Dosis_Media",60,"Post",10,"18,5456075852868",2
"Coto_2","Dosis_Media",60,"Pre",4,"3,35975788722928",2
"Coto_3","Dosis_Alta",61,"Post",0,0,2
"Coto_3","Dosis_Alta",61,"Pre",3,"2,90964070310475",2
"Coto_3","Dosis_Alta",62,"Post",1,"1,83581670798155",1
"Coto_3","Dosis_Alta",62,"Pre",3,"1,66973376893942",1
"Coto_3","Dosis_Alta",63,"Post",0,0,2
"Coto_3","Dosis_Alta",63,"Pre",5,"7,99547996209929",2
"Coto_3","Dosis_Alta",64,"Post",2,"2,29655836236977",2
"Coto_3","Dosis_Alta",64,"Pre",3,"5,53449370255567",2
"Coto_3","Dosis_Alta",65,"Post",1,"1,64784945792499",2
"Coto_3","Dosis_Alta",65,"Pre",5,"5,11427746078154",2
"Coto_3","Dosis_Alta",66,"Post",1,"1,73168702048754",1
"Coto_3","Dosis_Alta",66,"Pre",3,"2,68941309750831",1
"Coto_3","Dosis_Alta",67,"Post",2,"1,43315173867725",2
"Coto_3","Dosis_Alta",67,"Pre",1,"0,52673534759395",2
"Coto_3","Dosis_Alta",68,"Post",0,0,1
"Coto_3","Dosis_Alta",68,"Pre",0,0,1
"Coto_3","Dosis_Alta",69,"Post",1,"1,46533690617087",2
"Coto_3","Dosis_Alta",69,"Pre",3,"1,89845294343967",2
"Coto_3","Dosis_Alta",70,"Post",0,0,1
"Coto_3","Dosis_Alta",70,"Pre",2,"0,0326905489397535",1
"Coto_3","Dosis_Baja",71,"Post",6,"11,5704441763068",2
"Coto_3","Dosis_Baja",71,"Pre",8,"2,99254132722154",2
"Coto_3","Dosis_Baja",72,"Post",4,"3,28199630490426",1
"Coto_3","Dosis_Baja",72,"Pre",8,"11,4812647773663",1
"Coto_3","Dosis_Baja",73,"Post",6,"6,26055452582634",2
"Coto_3","Dosis_Baja",73,"Pre",12,"17,2154545895227",2
"Coto_3","Dosis_Baja",74,"Post",4,"0,973753063447084",2
"Coto_3","Dosis_Baja",74,"Pre",13,"12,2063691293356",2
"Coto_3","Dosis_Baja",75,"Post",4,"2,58920291668703",2
"Coto_3","Dosis_Baja",75,"Pre",6,"0,922475045181406",2
"Coto_3","Dosis_Baja",76,"Post",6,"11,0989190559029",2
"Coto_3","Dosis_Baja",76,"Pre",10,"14,2591738248313",2
"Coto_3","Dosis_Baja",77,"Post",8,"13,783940875695",1
"Coto_3","Dosis_Baja",77,"Pre",11,"18,5615024241449",1
"Coto_3","Dosis_Baja",78,"Post",4,"4,49461371173511",1
"Coto_3","Dosis_Baja",78,"Pre",10,"18,2518479797134",1
"Coto_3","Dosis_Baja",79,"Post",4,"7,68298281387687",1
"Coto_3","Dosis_Baja",79,"Pre",14,"0,000282990735707145",1
"Coto_3","Dosis_Baja",80,"Post",8,"9,98974548185403",2
"Coto_3","Dosis_Baja",80,"Pre",15,"28,2764937080036",2
"Coto_3","Dosis_Media",81,"Post",3,"5,60286681089595",1
"Coto_3","Dosis_Media",81,"Pre",7,"4,38606726693293",1
"Coto_3","Dosis_Media",82,"Post",7,"6,05777162907397",2
"Coto_3","Dosis_Media",82,"Pre",6,"6,20779916608824",2
"Coto_3","Dosis_Media",83,"Post",6,"3,15599117722701",2
"Coto_3","Dosis_Media",83,"Pre",6,"2,82713686179169",2
"Coto_3","Dosis_Media",84,"Post",8,"1,26069417554884",2
"Coto_3","Dosis_Media",84,"Pre",0,0,2
"Coto_3","Dosis_Media",85,"Post",8,"13,934642403074",2
"Coto_3","Dosis_Media",85,"Pre",5,"9,29310951276792",2
"Coto_3","Dosis_Media",86,"Post",9,"16,2667557568104",2
"Coto_3","Dosis_Media",86,"Pre",2,"0,55398109429866",2
"Coto_3","Dosis_Media",87,"Post",5,"0,296045728093563",2
"Coto_3","Dosis_Media",87,"Pre",5,"7,93044141778125",2
"Coto_3","Dosis_Media",88,"Post",6,"10,8607939706542",2
"Coto_3","Dosis_Media",88,"Pre",6,"2,7972264815804",2
"Coto_3","Dosis_Media",89,"Post",8,"1,48123967073301",2
"Coto_3","Dosis_Media",89,"Pre",2,"1,7308064820708",2
"Coto_3","Dosis_Media",90,"Post",7,"10,1087430296563",2
"Coto_3","Dosis_Media",90,"Pre",5,"7,75419146065597",2
"Coto_4","Dosis_Alta",91,"Post",1,"0,520681396241494",1
"Coto_4","Dosis_Alta",91,"Pre",0,0,1
"Coto_4","Dosis_Alta",92,"Post",0,0,1
"Coto_4","Dosis_Alta",92,"Pre",2,"0,390838016242195",1
"Coto_4","Dosis_Alta",93,"Post",0,0,1
"Coto_4","Dosis_Alta",93,"Pre",0,0,1
"Coto_4","Dosis_Alta",94,"Post",1,"0,43507411636689",2
"Coto_4","Dosis_Alta",94,"Pre",0,0,2
"Coto_4","Dosis_Alta",95,"Post",0,0,1
"Coto_4","Dosis_Alta",95,"Pre",2,"2,05419548631868",1
"Coto_4","Dosis_Alta",96,"Post",1,"1,97372758382263",1
"Coto_4","Dosis_Alta",96,"Pre",2,"1,15233015905264",1
"Coto_4","Dosis_Alta",97,"Post",1,"1,32277560903926",2
"Coto_4","Dosis_Alta",97,"Pre",2,"1,1270571287031",2
"Coto_4","Dosis_Alta",98,"Post",1,"1,79952698324396",2
"Coto_4","Dosis_Alta",98,"Pre",0,0,2
"Coto_4","Dosis_Alta",99,"Post",1,"1,08296702801023",1
"Coto_4","Dosis_Alta",99,"Pre",3,"4,73385915441728",1
"Coto_4","Dosis_Alta",100,"Post",1,"0,594245093523275",2
"Coto_4","Dosis_Alta",100,"Pre",0,0,2
"Coto_4","Dosis_Baja",101,"Post",4,"7,08281143081426",1
"Coto_4","Dosis_Baja",101,"Pre",5,"1,08010862080899",1
"Coto_4","Dosis_Baja",102,"Post",6,"10,5564975433569",2
"Coto_4","Dosis_Baja",102,"Pre",10,"0,826735149969771",2
"Coto_4","Dosis_Baja",103,"Post",5,"7,80634624852388",2
"Coto_4","Dosis_Baja",103,"Pre",7,"5,6012805706892",2
"Coto_4","Dosis_Baja",104,"Post",6,"11,9900223788797",1
"Coto_4","Dosis_Baja",104,"Pre",5,"0,733240405028523",1
"Coto_4","Dosis_Baja",105,"Post",4,"4,0262335154291",2
"Coto_4","Dosis_Baja",105,"Pre",10,"6,90083827523577",2
"Coto_4","Dosis_Baja",106,"Post",9,"3,59641163418373",2
"Coto_4","Dosis_Baja",106,"Pre",7,"7,64870138031289",2
"Coto_4","Dosis_Baja",107,"Post",5,"7,46159971957146",1
"Coto_4","Dosis_Baja",107,"Pre",13,"14,8014993845015",1
"Coto_4","Dosis_Baja",108,"Post",6,"4,21714660266245",1
"Coto_4","Dosis_Baja",108,"Pre",7,"0,438459784578025",1
"Coto_4","Dosis_Baja",109,"Post",6,"3,72760367669848",1
"Coto_4","Dosis_Baja",109,"Pre",10,"2,25142671107543",1
"Coto_4","Dosis_Baja",110,"Post",4,"4,06250344222638",2
"Coto_4","Dosis_Baja",110,"Pre",5,"5,14961506135604",2
"Coto_4","Dosis_Media",111,"Post",8,"14,6640562106175",2
"Coto_4","Dosis_Media",111,"Pre",8,"1,61905723703749",2
"Coto_4","Dosis_Media",112,"Post",5,"1,39915224494569",2
"Coto_4","Dosis_Media",112,"Pre",2,"2,86704024526576",2
"Coto_4","Dosis_Media",113,"Post",13,"0,0438841180214915",1
"Coto_4","Dosis_Media",113,"Pre",3,"1,62875769833975",1
"Coto_4","Dosis_Media",114,"Post",7,"5,13118672585845",1
"Coto_4","Dosis_Media",114,"Pre",1,"1,85005085103987",1
"Coto_4","Dosis_Media",115,"Post",8,"15,0846433726809",2
"Coto_4","Dosis_Media",115,"Pre",3,"5,41981255731762",2
"Coto_4","Dosis_Media",116,"Post",11,"3,78437346005754",1
"Coto_4","Dosis_Media",116,"Pre",6,"10,6311232657686",1
"Coto_4","Dosis_Media",117,"Post",6,"6,56368511958434",2
"Coto_4","Dosis_Media",117,"Pre",6,"1,94048073447199",2
"Coto_4","Dosis_Media",118,"Post",4,"4,41338304183879",2
"Coto_4","Dosis_Media",118,"Pre",6,"6,81585183485419",2
"Coto_4","Dosis_Media",119,"Post",10,"11,0519601299554",1
"Coto_4","Dosis_Media",119,"Pre",5,"5,32126924023335",1
"Coto_4","Dosis_Media",120,"Post",6,"10,7392095787463",1
"Coto_4","Dosis_Media",120,"Pre",4,"3,67653720506323",1
